Id,ORGANIZATION,NAME,GENDER,SPECIALITY,ADDRESS,CITY,STATE,ZIP,LAT,LON,ENCOUNTERS,PROCEDURES
ffd60ac4-bfd7-3821-b9b6-4b1f528e9fc8,74ab949d-17ac-3309-83a0-13b4405c66aa,Gabriel934 Reilly981,F,GENERAL PRACTICE,881 Main Street,Fitchburg,MA,01420,42.586487,-71.80521,164,0
f42788bb-21de-3d28-998d-5e17213b05a6,faffaf6a-ee1a-3673-b0b0-421a9c249244,Jaunita130 Armstrong51,F,GENERAL PRACTICE,66 WASHINGTON ST,STOUGHTON,MA,020722571,42.14415820061801,-71.10378319512402,15,0
8b9d7ef7-fffc-3dbf-a397-42ea5fa16797,aa682136-a4df-3942-9f50-e6fcee6c0b73,Precious140 Runolfsson901,F,GENERAL PRACTICE,501 CORDWAINER DRIVE,NORWELL,MA,020611630,42.1647071,-70.88149077838713,10,0
226f2a2e-cf72-3328-9111-a556f29a831c,5becf220-2978-3f33-bd38-9326947f85de,Tijuana228 Leannon79,F,GENERAL PRACTICE,240 LYNNFIELD STREET,PEABODY,MA,019605055,42.5141736,-70.97106354209534,7,0
000a56f8-e75b-3cb8-8421-1fd42ec23e08,2936ca90-6594-357d-be14-53fe0ab84dd1,Avis183 Ankunding277,F,GENERAL PRACTICE,11 TREMONT ST,KINGSTON,MA,023641231,42.00823215,-70.72984043580247,40,0
630b295c-4a16-3780-bb76-8ba3f4cb012d,77d67d58-b097-3309-a94c-abd49c432528,Martine382 Moore224,F,GENERAL PRACTICE,383 MILL ST,WORCESTER,MA,016022414,42.2618147,-71.85253220643622,2,0
44dca277-40f0-3eaa-98dd-1ea25f940244,ab701a70-a658-340e-8f69-ee196a7d40c6,Bud153 Parisian75,M,GENERAL PRACTICE,484 RTE 134,WORCESTER,MA,016071728,42.2625621,-71.8018877,10,0
8980494a-a467-3d5c-b72a-2997cd887c80,71472d9b-aa5c-3b49-a5c3-d0eee8859015,Cuc113 Kutch271,F,GENERAL PRACTICE,118 WATERHOUSE RD STE C,BOURNE,MA,025328305,41.7281115,-70.5861571324252,41,0
3d55156c-25eb-35af-b121-d5623e8e92a6,59d1f454-5701-3f71-8fe7-94f785e15062,Lourdes258 Lesch175,F,GENERAL PRACTICE,57 OLD ROAD TO 9 ACRE CORNER,WEST CONCORD,MA,017423317,42.4566859,-71.3942316,2,0
dc74ba1d-120d-364f-aec3-76e63851393d,1311c44a-85cb-3aea-a143-e5d7892ced8b,Rudolf736 Reinger292,M,GENERAL PRACTICE,300 KENSINGTON AVE,SPRINGFIELD,MA,011071139,42.091896,-72.559437,20,0
bf04b49a-facb-3c5b-b86f-88907667598d,667b46fe-0afa-3f70-a311-bbe3d52db050,Joshua658 Borer986,M,GENERAL PRACTICE,757 BOSTON POST RD,WORCESTER,MA,016071728,42.231371,-72.165386,2,0
0355b71a-f93a-3a3c-9035-e0a1d4401d21,0ff7cb48-0c93-31cf-9442-0b034084d588,Rodrick370 Kreiger457,M,GENERAL PRACTICE,2 BEAUMONT AVE,BROCKTON,MA,023023302,42.0835203,-70.98856021035954,3,0
0d9989fc-9a0b-3d87-a571-90950317c473,643eac8e-1620-3b6a-b9f3-664b003d22cd,Lasonya941 Kiehn525,F,GENERAL PRACTICE,34 GIFFORD ST,NEW BEDFORD,MA,027442610,41.6177929,-70.91890087055067,44,0
343d4896-c678-3434-9683-a5158373d3d5,5fcff9db-16e4-3e56-aa78-abbc16338097,Margene509 Schamberger479,F,GENERAL PRACTICE,295 VARNUM AVE,WESTFORD,MA,018863513,42.5792583,-71.4378411,181,0
edaea239-0606-31f6-a716-18ff244a4bfd,40c01d75-1542-3e0b-8e5f-78d3031beba1,Daysi106 Reynolds644,F,GENERAL PRACTICE,505 PARADISE RD,SALEM,MA,019704267,42.485927,-70.900301,42,0
012b5f7a-52e5-391a-93f9-18f8a8184bea,93c3d861-e05d-33b9-91eb-1768470229d7,Phoebe31 Thiel172,F,GENERAL PRACTICE,10 CENTENNIAL DR,PEABODY,MA,019607938,42.5261827,-70.9529896,46,0
c4d386d3-36dd-37e6-be23-a96ea1a55b05,2e1eaaf1-ebb0-332c-8921-f48e15b91879,Tambra47 Nolan344,F,GENERAL PRACTICE,2 SEAPORT DRIVE,QUINCY,MA,021711599,42.29287335,-71.03019020136307,7,0
c366c1b2-d19e-3eda-af28-490429fba988,f549a720-814b-3dc6-ae77-6376a22564ee,Nichole96 Prosacco716,F,GENERAL PRACTICE,209 COUNTY RD,NORTH FALMOUTH,MA,02556,41.6459404,-70.6183639,1,0
e08964d1-f654-34d4-849b-a3e2d27effff,32fcdfba-8c93-30f4-b15b-dd3b65c29deb,Jody426 Bernhard322,M,GENERAL PRACTICE,20 NORTH MAPLE STREET,HADLEY,MA,010359715,42.3615107,-72.55261320852942,8,0
15078836-b5f0-3e34-80b4-f7fed0eec745,0ddb0329-b59d-3187-874c-602c649249c8,Lynn917 Cassin499,F,GENERAL PRACTICE,115 W SILVER ST,WESTFIELD,MA,010853678,42.1178811,-72.75935246865802,9,0
ab74623c-fc46-37ff-b244-ca799f9fd584,bff65303-97b4-3841-950a-1c9e9e735de0,Omar359 Schimmel440,M,GENERAL PRACTICE,100 AMITY ST,FALL RIVER,MA,027212202,41.6737661,-71.16934217317342,1,0
c33d280e-6b0a-3520-af06-73c3e90c703a,bf556284-7513-3620-a10e-5393183a9a87,Barbara209 Amaya149,F,GENERAL PRACTICE,795 MIDDLE ST,FALL RIVER,MA,027211733,41.6924092,-71.16345107025307,144,0
1b54e8d3-594c-3c0f-b6fa-b64087116b4b,e93b27a8-6507-3595-84a5-f899ce23a72d,Faustino767 Sanford861,M,GENERAL PRACTICE,70 EAST STREET,NORTH ANDOVER,MA,018456144,42.6839894,-71.1127065,80,0
c0076c89-5396-323d-af88-da438d631e48,2b84e56e-08b4-3078-b3ea-4d159208e065,Barton704 Bahringer146,M,GENERAL PRACTICE,1029 PLEASANT ST,BRIDGEWATER,MA,023242301,41.9718173,-71.00937893001648,30,0
dd04bbe3-5606-3d7f-9a65-e394a11539fb,7b9a19b2-d900-3f93-a47b-4b88491fb57b,Tommy814 Witting912,F,GENERAL PRACTICE,308 KINGSTOWN WAY,DUXBURY,MA,023324647,42.030389650000004,-70.73959947632582,1,0
65a6fbf9-b301-3f87-8d83-94a2aa1cae30,4ffa4412-1493-3beb-b8f0-6614dde953a4,Sulema841 Ryan260,F,GENERAL PRACTICE,363 HIGHLAND AVENUE,WAREHAM,MA,025715011,41.745636,-70.658192,101,0
15f40ea3-b94b-3ed9-83da-a2e524569aad,a14e698d-a9ba-3eae-9c8b-682ec726433d,Germán350 Dueñas839,M,GENERAL PRACTICE,776 WESTERN AVE,LYNN,MA,019052408,42.466763,-70.9494939,76,0
28789263-8ddb-3b20-9db1-51ec443896de,dd9914b0-9491-3330-a890-d34e95e497ea,Taylor21 Haley279,M,GENERAL PRACTICE,1061 PLEASANT ST,NEW BEDFORD,MA,027406728,41.64280275,-70.92865004309593,62,0
3a47f94d-6609-3415-8816-3cd4f135e65e,4c1a8ea6-b690-3c28-a02e-ebd82190ee65,Hui924 Cronin387,F,GENERAL PRACTICE,885 WASHINGTON ST,BOSTON,MA,021111415,42.3479909,-71.064924,15,0
927bd6e7-7ad3-3438-876e-7db0042efa6c,b6eeaaf7-1683-3bcb-b6ee-81ce304636ef,Ariane992 Pagac496,F,GENERAL PRACTICE,170 GOVERNORS AVE,MELROSE,MA,021763225,42.4564323,-71.064182,51,0
4b6a4100-0621-300c-b074-927c1824322d,ed5fc1f7-0ecb-3973-a5fc-89f80c6f5c9f,Theo630 Homenick806,M,GENERAL PRACTICE,303 C HAVERHILL STREET,ROWLEY,MA,019692101,42.704962,-70.90837,53,0
eb8dcfdc-26d5-3835-a907-266d5cd6d7aa,65eda534-1bdc-3192-8d02-1c3764447790,Shanell37 Hand679,F,GENERAL PRACTICE,1244 BOYLSTON ST,CHESTNUT HILL,MA,024672115,42.3214927,-71.1711481,31,0
602aa1fd-faa4-350d-b63c-e9d25c72093f,d613e441-68e8-3502-8adb-3f770a1276bf,Emmaline88 Witting912,F,GENERAL PRACTICE,114 WATER ST,MILFORD,MA,017573007,42.13661855,-71.53474614336832,55,0
84d0518d-9c9c-37ee-9052-df52b2515fbb,de29a374-221b-3cb4-8051-a02c1a35e5b7,Gwyneth692 Marvin195,F,GENERAL PRACTICE,562 WASHINGTON ST,SOUTH ATTLEBORO,MA,027036942,41.912892049999996,-71.36135809627689,24,0
4eda004d-f3a9-33ac-92a2-0cb1522f7790,b0b89e26-30e3-35d4-af87-29fb529579cf,Tran115 Jakubowski832,F,GENERAL PRACTICE,391 HANOVER ST,FALL RIVER,MA,027205432,41.71019285,-71.14377103194548,2,0
90f69747-89c1-3b45-9ac7-b9f156b01154,b03b624d-c939-3688-986d-9555b8009a3b,Bennett146 Hartmann983,M,GENERAL PRACTICE,230 MAPLE ST,HOLYOKE,MA,010405144,42.207406,-72.608419,55,0
66badf1d-c238-3bc2-a500-af7e32b1517a,ea153d0a-9ccc-3769-9a25-934b417071b7,Adam631 Towne435,M,GENERAL PRACTICE,463 WORCESTER RD,FRAMINGHAM,MA,017015354,42.3095704,-71.4413097,28,0
3897c5a8-7d22-3cb3-8c08-eb91416780e9,d3085315-9893-34c7-8889-3a31dc17c2b0,Ethyl508 Rau926,F,GENERAL PRACTICE,1428 MAIN ST STE 7,WALPOLE,MA,020811729,42.1325911,-71.2618886,44,0
febcc19e-93bf-3d25-81c7-129823a78dfd,1faab3d1-2ae5-3110-8e5f-c65b92ca906d,Theodore876 Ankunding277,M,GENERAL PRACTICE,29 LEWIS AVE,GREAT BARRINGTON,MA,012301713,42.19093125,-73.3715000043024,94,0
d5f5c260-c495-3a9a-a920-5074e1a6e76c,76281d34-caff-30e0-8545-bcdf33182109,Jewell855 Schmeler639,M,GENERAL PRACTICE,500 WILBUR AVENUE,SOMERSET,MA,027252051,41.72075205,-71.16843052114558,10,0
797e1615-d9f6-37d6-90f4-af428757912a,b3ada130-6443-3a8e-98c7-4ec127a2b0c4,Natalya468 Haley279,F,GENERAL PRACTICE,ONE GREAT ROAD,ACTON,MA,017205601,42.4850931,-71.43284,62,0
ee9d9fe9-1450-32bd-a9ee-e92100cd05c4,7489f6e0-fee6-3fff-90b6-444868eb907c,Kasey569 Rau926,M,GENERAL PRACTICE,1 KIDDIE DRIVE  SUITE 106,AVON,MA,023221182,42.130150349999994,-71.05720685110387,6,0
307eb185-b800-39eb-9266-2ba6e401f48a,ca2937a1-8877-31a2-9d38-561bd300b3e3,José Eduardo181 Bustos920,M,GENERAL PRACTICE,780 ALBANY STREET,BOSTON,MA,021182755,42.333645250000004,-71.07279114401811,42,0
f38314cc-d917-3e19-bbdf-943ed6faf1f8,1e11392b-1278-3e70-93cd-f396cbd0c265,Gino587 Block661,M,GENERAL PRACTICE,115 LINCOLN ST,NATICK,MA,017607700,42.2843753,-71.3441395,160,0
d64e243e-2a4f-3e1d-8ee3-eb79e8722179,fe30f2b4-9bc8-346e-afba-4455d1766545,Georgetta870 Turner526,F,GENERAL PRACTICE,17 LAFAYETTE AVENUE,CHELSEA,MA,021502010,42.40019115,-71.03050082480353,41,0
235adbc2-5263-39ea-b54b-911160457d38,6cf8a214-8d57-3267-85e5-7719e15cd63e,Michel472 Zulauf375,M,GENERAL PRACTICE,170 MORTON STREET,JAMAICA PLAIN,MA,021303735,42.299067750000006,-71.10124351911541,285,0
d300dd83-6839-3341-b419-240c6f441bfc,4bc0cc09-77e5-37f5-844d-64a6637cae54,Inés791 Ávila241,F,GENERAL PRACTICE,91 EAST MOUNTAIN ROAD,WESTFIELD,MA,010851801,42.110743549999995,-72.70066160206358,7,0
ae631fd4-42cf-3b53-bccd-fda293ece047,2fd34be1-9720-3dad-b8bd-815e173b92fb,Damon455 Orn563,M,GENERAL PRACTICE,87 HERRICK ST,BEVERLY,MA,019152773,42.56523335,-70.87472842494441,1,0
0fc42ceb-7d86-37d3-81ae-54ef5722a16f,0fedae9f-701f-3317-9b2f-69aea2202cdc,Willian804 Batz141,M,GENERAL PRACTICE,88 EAST NEWTON STREET,WINTHROP,MA,021522715,42.3750976,-70.982827,446,0
77a9b149-980a-3ccd-8b50-79b2189649de,86bbc3aa-e927-3d56-9d77-ab701b4b2926,Lucien408 Howe413,M,GENERAL PRACTICE,538 ROBESON STREET,FALL RIVER,MA,027205496,41.707225,-71.1432141111111,6,0
19b940c1-fa03-35b7-be72-0c72072f9f3c,aade280a-3b90-3e48-9648-91109a964a63,Josef103 Klein929,M,GENERAL PRACTICE,909 SUMNER ST,DARTMOUTH,MA,027473826,41.6332267,-70.9879928,189,0
ef09ba45-30f4-37a5-93c6-2f24e6602305,96e9e829-0b71-3ad3-8b41-60e25b5d47d7,Lesley194 Crooks415,F,GENERAL PRACTICE,111 ORIENT AVE,EAST BOSTON,MA,021281006,42.39055278090538,-71.00587148689957,1,0
c780d059-ea8d-3bf6-a484-b090589aea6d,e59fb2d5-508c-38c6-af2e-21d8216dd2b0,Logan497 Fisher429,M,GENERAL PRACTICE,759 CHESTNUT ST,WARE,MA,010821625,42.256476,-72.237482,55,0
b1cf2d57-e8a0-3b41-b123-33b526693062,7a3b8310-02eb-3c47-aa1b-3f55b3ed9de9,Lauretta754 Dare640,F,GENERAL PRACTICE,6 HATFIELD ST,NORTHAMPTON,MA,010602545,42.333172950000005,-72.6566355591273,6,0
ff60d266-da8b-3ff2-9026-57f8d4f19467,ecadbc11-930c-3903-b706-f8ef4bc9089e,Erwin847 Baumbach677,M,GENERAL PRACTICE,780 CHESTNUT ST,SPRINGFIELD,MA,011031109,42.1211633,-72.60614164702717,20,0
b39a7b37-98a5-3896-b17c-e29213a9a65c,0f9d1260-db33-3483-b2b6-5483cfcb739c,Lizette501 Lebsack687,F,GENERAL PRACTICE,361 WOODWARD ST,WABAN,MA,024682027,42.326011949999994,-71.2254251580706,34,0
41dbefad-580e-35fa-8767-b670d2b98704,794b1cc2-97be-30a4-83a0-4bf6add43c74,Lillia547 Gutmann970,F,GENERAL PRACTICE,215 THATCHER STREET,BROCKTON,MA,023023949,42.0740963,-70.99660306096918,27,0
9aaf90a7-dfd3-3995-8202-2782ba50c27d,440fa4b8-c731-3cf5-81d9-aa3f30a37b95,Ramiro608 Caraballo427,M,GENERAL PRACTICE,41 & 45 MALL ROAD,PEABODY,MA,019602901,42.5278731,-70.9286609,177,0
a1ac851c-ff01-314c-9d70-c95c11ee1ab2,a1434ca1-a1ac-3884-abc7-fc4c35cc8b68,Guillermo498 Dietrich576,M,GENERAL PRACTICE,390 ORLEANS ROAD,NORTH CHATHAM,MA,026501154,41.700306363636365,-69.96549390909091,1,0
72bb7177-9a4d-3ddb-b2dc-434e0f2d83c3,0fab3c4e-a028-39a6-b15a-be5a88b6aa2a,Miyoko154 Paucek755,F,GENERAL PRACTICE,222 STATE STREET,LUDLOW,MA,010563437,42.15547415,-72.47222226666076,216,0
2dcb0594-79cd-3852-885d-d7faf3db5225,3b021cb6-4745-3d9d-8436-230055f770bd,Dusty207 Franecki195,M,GENERAL PRACTICE,148 CHESTNUT ST,NEEDHAM,MA,024943238,42.27728075,-71.23665362814043,210,0
2f8bf0cd-6525-3493-9720-1132a312d1f5,ab074997-79db-3114-b6ac-5c21cda8ee3a,Todd315 Abernathy524,M,GENERAL PRACTICE,111 HEADWATERS DR,HARWICH,MA,026451028,41.705945549999996,-70.08904355,4,0
df66249f-b577-35dd-a0fd-f09aa415d59a,ce53c877-0290-390a-b4b4-2462001a1713,Anabel269 Hilll811,F,GENERAL PRACTICE,847 ROGERS STREET  SUITE 201,LOWELL,MA,018524345,42.6275246,-71.27673639687623,18,0
13b32c99-8fee-3957-8562-d1f36ac12a59,34f0b10a-5e29-31de-a75e-e0bb03c0c0d4,Dierdre747 Leuschke194,F,GENERAL PRACTICE,56 COLPITTS RD,WESTON,MA,024931568,42.36610065,-71.3036759,33,0
cb5b94b6-f56f-3c27-96bc-c61a537cf351,195620ae-835c-3da6-8600-3bd89fe8292d,Major265 Auer97,M,GENERAL PRACTICE,125 OAKLAND ST,WELLESLEY HILLS,MA,024815338,42.308723900000004,-71.26421651568413,1,0
34b5609a-1c7f-33a4-84d9-a9db96b8ef8b,2befa435-3070-3350-a15c-e43ac1e84b24,Teressa589 Schuster709,F,GENERAL PRACTICE,575 BEECH STREET,HOLYOKE,MA,010406604,42.20105435,-72.628169560868,6,0
5825eb7b-654f-3154-bf8b-2cebb0de40a0,00ffb204-07b4-3c72-a678-fa252e6cf86c,Kathlene786 Satterfield305,F,GENERAL PRACTICE,450 BEDFORD ST,LEXINGTON,MA,02420,42.47370735,-71.25090005,35,0
292a2ffe-0ffb-382e-a279-98361482f8fb,70a26106-6797-39f8-83e6-6bcf212b99ad,Zackary401 Mohr916,M,GENERAL PRACTICE,340 MAIN ST,WORCESTER,MA,016081601,42.53616075,-71.74831883675786,36,0
6a0d8f45-1274-3220-867b-6f2f7f56f489,b8421363-9807-3b16-a146-95336eea5cfb,Cleveland582 Kuphal363,M,GENERAL PRACTICE,30 LOCUST ST,NORTHAMPTON,MA,010602052,42.33032115,-72.65330802608176,127,0
e989b6e2-0ff2-34f5-9d15-b1b010759e13,8424b5ec-ba0a-32e9-94ae-a9d397884093,Booker670 Casper496,M,GENERAL PRACTICE,49 BLANCHARD STREET  SUITE 101,LAWRENCE,MA,018431456,42.69651155,-71.1612176954981,14,0
a6a6a9fd-2082-3eaf-8623-27d5792ab9be,945104f1-4b95-3eed-bd02-5efa0afbf34d,Lauri399 Keebler762,F,GENERAL PRACTICE,20 CENTRAL AVE # 506,LYNN,MA,019011201,42.46410018181818,-70.9465129090909,1,0
0c77e536-c10b-300d-9b88-987043441ab2,fbd4ccdf-2fdb-3652-9bbe-1ccff886bd34,Tana168 Collins926,F,GENERAL PRACTICE,320 CENTRAL STREET  UNIT A2,SAUGUS,MA,019062372,42.4632069,-71.0093761,3,0
203a1150-0f41-37b7-9491-6ad24b74998a,b8e724d5-b999-3029-8a2d-ad30fbd0b9ce,Dorris197 Rolfson709,F,GENERAL PRACTICE,63 MAIN ST,BROCKTON,MA,023014042,42.084598840000005,-71.01995972,63,0
08f64406-1e4e-38b1-85e0-9f8160b273af,b9e35b8a-9831-32d8-a6dc-d7a546c126b0,Andrea7 Montez99,F,GENERAL PRACTICE,111 HUNTOON MEMORIAL HIGHWAY  1ST FLOOR,SPRINGFIELD,MA,011092550,42.1018764,-72.5886727,11,0
b2a93737-03df-31ed-b23b-311465cfd5de,38508743-50d1-3429-8fe2-37e42ddaf20e,Vicente970 Verdugo724,M,GENERAL PRACTICE,164 HIGH ST,GREENFIELD,MA,013012778,42.595268700000005,-72.59288632376354,174,0
eaba841b-3c50-3e99-b888-bb73451a0a47,2f735290-1603-31b5-b561-7c8e0d413170,Jolynn62 Adams676,F,GENERAL PRACTICE,100 FOXBOROUGH BLVD STE 230,FOXBOROUGH,MA,020352878,42.041851949999995,-71.23486657070565,63,0
f5ee3901-53b5-3c06-9e93-0d3ec15ec72f,e1818b21-4458-3b9c-b2b8-7ed6f57ae078,Tamisha203 Wilderman619,F,GENERAL PRACTICE,2399 BOSTON ROAD,WILBRAHAM,MA,010951185,42.14668485,-72.45048427046072,6,0
66843c40-4f32-30ec-ada9-c21ee8b6fffe,328f813e-4de8-3ec2-a113-43f3ddfb0b2a,Victoria535 Roob72,F,GENERAL PRACTICE,30-40 WESTPARK STREET,BROCKTON,MA,023015241,42.0834335,-71.0183787,79,0
6695b68c-22a3-307c-a208-d0bda2f4c9ce,dd3307db-114c-3f11-be44-a9eef6bb3fc5,Francis500 Ratke343,M,GENERAL PRACTICE,269 UNION STREET,LYNN,MA,019011201,42.4652772,-70.94362420273097,69,0
fdd49b17-af4c-345f-91bb-60bf04e0c56b,f2068cee-c75c-321d-9b2c-c33535db89c9,Octavio643 Prosacco716,M,GENERAL PRACTICE,32 BOSSI AVE,RANDOLPH,MA,023682002,42.20017865,-71.0582074,136,0
1545c0f6-e19b-3501-a31b-01c5c91d8c9c,66505876-04a4-3f6e-9aa8-7232ee43ab76,Mohammad578 Rodriguez71,M,GENERAL PRACTICE,548 ELM STREET,NORTHAMPTON,MA,010602832,42.327755,-72.657308,1,0
2a860ab6-c68b-37e9-a23d-f5234a79bac2,9b1f8cd0-2246-3f4f-82df-23ea314c7665,Claudio955 Bruen238,M,GENERAL PRACTICE,800 ESSEX ST,LAWRENCE,MA,018414617,42.70162725,-71.1755487945157,2,0
629f4222-6c27-3f3e-a80f-dfa1a173aded,357e489c-304e-3495-8354-62e85b5896b5,Marlys304 Schoen8,F,GENERAL PRACTICE,75 HERRICK ST,BEVERLY,MA,019155900,42.56305785,-70.87604053437136,39,0
9b28aa5f-b194-3f08-83c7-30a4dc11ff1b,2e8b42f8-4300-30a9-a576-d513d1021a0a,Chris95 Haag279,M,GENERAL PRACTICE,600 CLARK RD,TEWKSBURY,MA,018761699,42.63120935,-71.27023603178071,55,0
7f97d84c-2cc8-388d-80dc-a66e230227c4,d140ed3f-2696-3e78-bd77-1c959ec4fc4d,Jamal145 Marks830,M,GENERAL PRACTICE,863 HATHAWAY ROAD,NEW BEDFORD,MA,027401916,41.6512968,-70.9669902070805,6,0
2da1c5ce-9797-391f-916e-d4a8ce232f7e,d4e48a16-0a60-3e90-81e5-c35b22ffe6af,Elmer371 Kutch271,F,GENERAL PRACTICE,856 STATE RD,NORTH ADAMS,MA,012473027,42.69967208677275,-73.16330754755236,1,0
ae219147-27b7-3f0a-bdc5-86f5a50224f0,8f22037a-070f-3fcf-8f39-fa879f0ae107,Ina660 Hermann103,F,GENERAL PRACTICE,567 DARTMOUTH ST,S DARTMOUTH,MA,027481826,41.61112,-70.93937914285715,2,0
90940e0d-ae27-35ef-816d-515655fcb7ea,bccd7d67-203c-3d93-b6b0-bff5a146cd1d,Paulene52 Kihn564,F,GENERAL PRACTICE,286 WASHINGTON ST,STOUGHTON,MA,020721763,42.1384306,-71.1022598,14,0
3119b4a6-ecbd-328f-93b8-24ead59bd28b,07baae96-3d74-3c69-a845-dad7b792eb52,Augustine565 Brekke496,M,GENERAL PRACTICE,42 ASBURY ST,SOUTH HAMILTON,MA,019821808,42.61322825,-70.87300675048934,76,0
b876e1a0-2191-3816-bf30-87615cc928d1,63cb4d95-04a9-3a35-b5d9-f89e0377a48d,Chu728 Weber641,F,GENERAL PRACTICE,211 PARK ST,ATTLEBORO,MA,027033143,41.9419187,-71.2752081695297,417,0
382d13ce-1f2b-3604-ba0c-a5bbe688a97a,13f83225-b984-345a-a353-11237d5aadfb,Mitchell808 Schroeder447,M,GENERAL PRACTICE,450 W RIVER ST,ORANGE,MA,013641408,42.5928702,-72.32953998953418,130,0
ec34cbb5-96eb-3322-916e-15a5f5e4bb8f,a2a41caf-758f-3962-8e5f-e6e603f93d17,Noelle559 Padberg411,F,GENERAL PRACTICE,111 HUNTOON MEMORIAL HWY,ROCHDALE,MA,015421305,42.2020225,-71.89891616754682,190,0
908763ed-ded5-300f-9cf6-8503924defa3,db28cc9a-fdfb-35a6-aef7-ab9b933ef244,Clement78 Gleason633,M,GENERAL PRACTICE,8 DANA STREET,CAMBRIDGE,MA,021385402,42.3694992,-71.11011030010101,17,0
73e378fd-5d0a-3db4-bebd-556333b85327,08c42af3-1aac-3552-a4ae-74fd2cd5cba5,Cheree978 Blanda868,F,GENERAL PRACTICE,1050 COMMONWEALTH AVE,BOSTON,MA,022151109,42.3515331,-71.12272613596829,31,0
7e6c0ff0-21a5-35b0-a3d7-b1999852d187,a6fb79e7-4abb-3a68-b62d-e501427fdca4,Barb55 Renner328,F,GENERAL PRACTICE,489 WASHINGTON ST STE 202,AUBURN,MA,015015709,42.187836,-71.83104,28,0
5429b934-50b8-30a4-a416-bfeb9ac61e8b,52e42aa3-27fb-3298-a3ae-25529dfe6347,Ambrose149 Mills423,M,GENERAL PRACTICE,85 BEAUMONT DR,NORTHBRIDGE,MA,015341093,42.15719035,-71.6521339767302,1,0
cbfb313c-0e34-3e85-a716-489808ca677c,9d0e702d-50a0-3f4c-9126-0951d560fd4b,Hellen346 Roberts511,F,GENERAL PRACTICE,189 MAY ST,WORCESTER,MA,016024339,42.25986305,-71.83597786023279,106,0
f81e0111-899d-36b1-834a-c4c01b9b9eba,ea8d287f-b3a9-3800-8798-788e334ee406,Shirly501 Kuphal363,F,GENERAL PRACTICE,81 HIGHLAND AVE,SWAMPSCOTT,MA,019072928,42.4699241,-70.9171507,110,0
27e20d82-b156-3d0f-bafd-481ccb6aae22,c7542447-e06e-32cb-b6db-243c23a0dbc2,Carson894 Krajcik437,M,GENERAL PRACTICE,30 WARREN ST,BOSTON,MA,021353602,42.3501483,-71.14393324457691,77,0
7e3e1277-9a68-33bc-be43-7457d02eb567,d9fe2c9c-135e-3da3-8de8-1a0ff165d886,Bettina657 Marquardt819,F,GENERAL PRACTICE,1430 MAIN ST,WORCESTER,MA,016091121,42.2492003,-71.92931780325071,49,0
cabede2c-b22b-3a09-8c9d-5c65a59898b1,8bf5325a-c11b-35c4-b07d-17a5aeba8353,Penni796 Okuneva707,F,GENERAL PRACTICE,815 WORCESTER STREET,SPRINGFIELD,MA,011511001,42.1018764,-72.5886727,12,0
a3bde841-e7b8-38db-a656-7e43e95000c4,0b2738b6-7911-3aa4-8b6e-7e1df7c14fe1,Hilton264 Stokes453,M,GENERAL PRACTICE,888 N MAIN ST,BROCKTON,MA,023011668,42.1061239,-71.02807965450519,1,0
79c7a908-31fb-3a16-8109-31779116af50,46375470-1e20-3ddc-8dc5-010ba53826b6,Samuel331 Villalpando154,M,GENERAL PRACTICE,40 WRIGHT ST,PALMER,MA,010691138,42.16934095,-72.34120457065711,109,0
856ee69a-68ad-3052-b82b-7b6feba2a357,9d2a1656-0f4d-30d1-bc63-eb365a05529c,Lorene243 Ward668,F,GENERAL PRACTICE,235 N PEARL ST,BROCKTON,MA,023011794,42.09805395,-71.0609587194362,28,0
0f8b7bcb-e2e5-3195-b0ae-c1ee3ee1a7c9,aba3e6f6-4562-342e-b90f-dd61b117f394,Maryjane289 White193,F,GENERAL PRACTICE,438 CHESTNUT STREET,SPRINGFIELD,MA,011072008,42.11291091861002,-72.59692685125127,2,0
6ecdfbe1-bd04-326e-971d-4c18438245eb,a4b91172-69e7-3895-bd89-b9a0868de5c2,Salvador46 Wolff180,M,GENERAL PRACTICE,651 ORCHARD ST,NEW BEDFORD,MA,027441052,41.6149879,-70.93113851963673,35,0
306b594d-d517-32db-a53d-8fa13a9cb126,72f50aa0-d8c9-34dc-ac58-c428323f3bcd,Ricky354 Little434,M,GENERAL PRACTICE,55 FRUIT ST,BOSTON,MA,021142696,42.36286045,-71.06875296664998,25,0
dfaff39c-97c0-33de-99c4-00401457cb69,ca8a919a-05f9-3687-bfb6-42800a70031e,Clair921 Flatley871,F,GENERAL PRACTICE,6111 OAK TREE BLVD STE 301,FRAMINGHAM,MA,017014613,42.3095704,-71.4413097,57,0
77552062-cfa7-3424-a476-fbe0188521b3,eee00932-ca82-36bc-b7e8-e3fff6dbaeaa,Cira533 Hane680,F,GENERAL PRACTICE,450 BROOKLINE AVE,WEYMOUTH,MA,021893141,42.2212188,-70.9391625,32,0
97deb3c0-8c72-3e91-b275-5bb250b7f580,be509ccb-bfb7-3b87-8945-8426b689ef9d,Man114 Balistreri607,M,GENERAL PRACTICE,2049 DORCHESTER AVENUE,BOSTON,MA,021244742,42.3554334,-71.060511,35,0
7c4555dd-ebc8-3f11-89ec-566caad4bef3,bce5b907-584b-345d-bbcf-912cf56cb6c3,Katia630 Parisian75,F,GENERAL PRACTICE,11-15 SANDERSDALE ROAD,WORCESTER,MA,016032467,42.0667952,-72.0084995,28,0
0476e7f7-cc46-35e0-a51c-0aa02010c61e,8d5880eb-1dd8-31ea-b7c5-21709f3bb341,Jared66 Satterfield305,M,GENERAL PRACTICE,50 ROWE ST,MELROSE,MA,021763201,42.4592093,-71.06078096379728,54,0
0342fab8-c433-3918-a0ed-16a3264e1f47,fd650ebc-a642-3818-b073-692473cd31f1,Larisa542 Kris249,F,GENERAL PRACTICE,900 CUMMING CENTER,BEVERLY,MA,019156181,42.5584284,-70.8800491,17,0
153d0f05-d922-3337-b533-227ad0afba93,3ff0f58b-7a1f-3334-9449-ff15f68b7d86,Winston220 McCullough561,M,GENERAL PRACTICE,275 SANDWICH ST,PLYMOUTH,MA,023607761,41.94186605,-70.6455366462985,30,0
4080d057-1f1d-3f7e-8d06-e526ccccdb1d,70e3ad4f-b9ff-3f3e-9990-2cd7e23a9d1c,Zane918 Bosco882,M,GENERAL PRACTICE,1238 RIVERDALE ST,WEST SPRINGFIELD,MA,010894675,42.1373438,-72.62624707492338,1,0
6b51e254-cbf2-3496-a495-256b9c6d8466,8ddbad9e-b5fc-3895-8a1c-17f32197a865,Teresa94 Marrero674,F,GENERAL PRACTICE,1455 MAIN STREET,CHATHAM,MA,026332083,41.6827332,-69.98755685244114,1,0
8d3b614d-b066-370b-a8f5-f4027dfed634,dd280187-8662-3732-af81-595d10572911,Mertie42 Lakin515,F,GENERAL PRACTICE,4499 ACUSHNET AVE,NEW BEDFORD,MA,027454707,41.74026055,-70.9450945705336,107,0
6c1abd65-03c0-32f2-8b12-9431d0a2fd43,a6964d47-8af0-3df2-b99d-d8414eb1cfa3,Adrienne302 Schiller186,F,GENERAL PRACTICE,200 MAY ST,SOUTH ATTLEBORO,MA,027035520,41.924394750000005,-71.36076410900014,11,0
c9d56f59-f5d4-33fe-8fda-2146e9a3626d,004554b4-3068-3938-832d-fa7cbe1cd1fb,Luba688 Littel644,F,GENERAL PRACTICE,25 STONEHAVEN DRIVE,WEYMOUTH,MA,021903951,42.1589443,-70.94970431672323,4,0
1e363f46-4343-3701-a415-213f5d6aed0e,dae3ee01-f383-366e-9ad6-dc92963064ea,Kristin64 Will178,F,GENERAL PRACTICE,1233 MAIN ST,HOLYOKE,MA,010405381,42.16578055,-72.63389634691956,253,0
e0714769-c8ac-33af-9303-6d75049b3f3f,9d283097-e706-3421-8b98-948b1fdadf30,Maryellen651 Jast432,F,GENERAL PRACTICE,42 PROSPECT AVE,WEST SPRINGFIELD,MA,010894510,42.157666846720865,-72.63485704670578,3,0
8565a5da-915c-31a9-8e94-993c8a49db98,af3871c3-2098-3051-bcb7-8a919e194a16,Stephane228 O'Conner199,F,GENERAL PRACTICE,97 LIBBEY PKWY,WEYMOUTH,MA,021893110,42.19322885,-70.94589987654936,45,0
6930ea81-4bc9-3ec9-98a7-4d445e2edf00,542185c1-943a-30f4-aba0-0efaa92488a4,Wilbur107 Rau926,M,GENERAL PRACTICE,142 LAKE ST,ARLINGTON,MA,024764738,42.40328885,-71.15140830652837,81,0
63ba1151-5f30-3ceb-9aeb-f0fdc624fa76,de32e6d9-848e-35d4-a217-e62eb5e0bc7b,Rayford811 Abbott774,M,GENERAL PRACTICE,77 HIGH ST,NEWBURYPORT,MA,019503071,42.8055312,-70.87001791778893,1,0
c063c911-ef14-33dd-a459-fbc876c991cb,0319f6d9-60a3-36ac-9f26-b782d7997b1c,Roger751 Quitzon246,M,GENERAL PRACTICE,22 MILL ST,ARLINGTON,MA,024764738,42.4177455,-71.1579688,34,0
58d74755-dc32-3db6-b6c0-38c48980e219,a2cc09de-c1e2-3126-8c09-d49f95225281,Cristi782 Leannon79,F,GENERAL PRACTICE,300 LONGWOOD AVE,WALTHAM,MA,024532741,42.3756401,-71.2358004,75,0
6dbef70d-ba88-38ec-af4f-7159a5ca9533,9f2f60a6-87a4-3f45-b753-b63b5b7e9993,Raul814 Considine820,M,GENERAL PRACTICE,332 HANOVER STREET,BOSTON,MA,021131901,42.3647421,-71.0536619,47,0
d8a46ec1-8a9a-3f54-8a6c-3bd5a4d56263,ab16be57-62ea-39a5-8f7a-ee1285cf6934,Ciara810 Gibson10,F,GENERAL PRACTICE,115 MILL ST,PETERSHAM,MA,013669503,42.4865962,-72.1893057,43,0
c8ba4e21-cc44-3933-9ffd-4e7c4ab1e7d1,0519b293-2e92-3eb3-aeef-233da0babc93,Joslyn677 Friesen796,F,GENERAL PRACTICE,40 PARKHURST ROAD,CHELMSFORD,MA,018241511,42.6198215,-71.36189212971482,15,0
0d5e6c69-44f6-3d1b-8d3a-4813e21153cc,5c896155-eb9a-383e-9162-a43ebb7f1cc5,Sammy219 Mayert710,M,GENERAL PRACTICE,400 LINDEN PONDS WAY,HINGHAM,MA,020433784,42.1972249,-70.91712645007524,5,0
6d7770ed-66f5-3c88-a11b-e57af6d1f527,c5403c4f-14d5-3171-9227-a9b8327f3149,Tyler508 Ferry570,M,GENERAL PRACTICE,52 OLNEY RD,CHICOPEE,MA,010202103,42.1487691,-72.6071119,96,0
b70ed359-c5cb-3e4e-a3b0-c423ae039ca5,4ffc4e4b-9d8d-3c30-ad84-fc9a7209da94,Madelyn308 Carter549,F,GENERAL PRACTICE,4525 ACUSHNET AVENUE,NEW BEDFORD,MA,027454727,41.74080975,-70.94731021257817,8,0
77e73de1-5e14-3188-a4d8-0676fc0b40b9,70e943de-a18b-3e03-a204-ecca2f01b6d1,Joshua658 Wolf938,M,GENERAL PRACTICE,76 NORTH MAIN STREET,WEST BOYLSTON,MA,015831130,42.393642299999996,-71.79207534741954,7,0
5d1af352-dc6b-3b7a-829d-439403b01625,06cc2462-430f-3322-9c87-7e971125f510,Bryon392 Mann644,M,GENERAL PRACTICE,133 OLD ROAD TO 9 ACRE COR,WESTFORD,MA,018863198,42.5792583,-71.4378411,68,0
f6b51d75-f104-3a5a-9ce6-b62c9e84e32f,479427f6-9419-3eba-b2c2-b037b4b89493,Karlene380 O'Keefe54,F,GENERAL PRACTICE,180 GEORGE WASHINGTON BLVD,HULL,MA,020453069,42.2630377,-70.8606109,37,0
8b391af8-69a8-3e61-a585-1369a337a79a,dd456e39-9f82-303b-9c3f-5db0e82a437e,Gerardo48 Conn188,M,GENERAL PRACTICE,26 QUEEN ST,WORCESTER,MA,016102473,42.25930925,-71.81494729825698,35,0
87eb3cc2-cd64-301b-be0e-2c1ef6cc5a91,8e1aab52-fc16-3b51-ac7b-30379ebf5630,Maria750 Durgan499,M,GENERAL PRACTICE,168 INDUSTRIAL DR,NORTHAMPTON,MA,010602379,42.335726,-72.63284732269418,4,0
2a9d663f-4d81-3c9d-a0ef-b500faf810ca,dfc0bac0-55a9-3f25-b0e3-78f9f586560c,Wade235 Windler79,M,GENERAL PRACTICE,444 STOCKBRIDGE ROAD,GREAT BARRINGTON,MA,012301295,42.22088152406833,-73.34280352682327,34,0
d5265a4f-2950-34f8-9f28-30550ea743aa,db106514-f254-3402-b6a4-6d210c78c7e2,Olivia294 Anguiano812,F,GENERAL PRACTICE,211 FRANKLIN STREET,QUINCY,MA,021697833,42.23691085,-71.00237199954586,10,0
1f70110e-062c-32dd-9b41-43542a2d633f,ee7fab6f-6438-394f-b1f2-3e452f8f055a,Trey250 Satterfield305,M,GENERAL PRACTICE,75 BRIMBAL AVENUE,BEVERLY,MA,019156009,42.570099299999995,-70.87108224250409,26,0
ce732dfb-7cda-31f7-88d4-3325083246f2,79508e39-d0b0-3613-9d54-168f6e1c3a18,Lynwood354 Tromp100,M,GENERAL PRACTICE,200 GROTON ROAD,GROTON,MA,014502056,42.577352149999996,-71.57414587343038,23,0
dac034f5-6872-3a82-a1a0-9811b5b1d0bd,1ce0d1a3-b507-3ad1-afc5-b25bfe48b8dc,Dovie983 Welch179,F,GENERAL PRACTICE,10 PEARL STREET,STOUGHTON,MA,020722364,42.125716800000006,-71.1025481568314,7,0
a99fddae-8e52-38b1-af5a-62cc12310520,880fad59-9c38-3a21-a39f-ccc801502ab3,Halina47 Pollich983,F,GENERAL PRACTICE,799 CONCORD AVENUE,CAMBRIDGE,MA,021381048,42.390849395521705,-71.1556550001627,6,0
98e23b72-c91e-32d8-bc98-1da4fd30a839,352f2e3b-0708-3eb4-9f7e-e73a685bf379,Gregg522 Willms744,M,GENERAL PRACTICE,157 UNION ST,SOUTHBOROUGH,MA,017721215,42.3056501,-71.5245087,323,0
0104a3ca-ba51-3899-8f9d-d27958c36389,34f7bdc0-0550-333e-a53f-5e2af5a6d4ec,Augustine565 Kreiger457,M,GENERAL PRACTICE,212 S MEADOW RD UNIT 5C,PLYMOUTH,MA,023605450,41.9426657,-70.7618592,28,0
a0926ee0-1875-39ee-a1a2-2af07db6e491,4887dc20-9ef6-3cc2-9c56-858388049a50,Kimberlie352 Kertzmann286,F,GENERAL PRACTICE,168 WEST CENTRAL STREET,NATICK,MA,017604122,42.282113100000004,-71.37898579435048,1,0
dc0186bb-d3b1-358b-85dd-f527a103fd24,10ffe7b1-2f94-3f12-9288-679da05a1ec9,Brendan864 Hintz995,M,GENERAL PRACTICE,133 LITTLETON RD,WESTFORD,MA,01886,42.57056335,-71.41736646422413,28,0
ba94aa74-72ce-3261-a39f-8681d96f54ba,e98ef46c-e94c-34bc-9cf5-134d8ddcbac5,Patsy569 Olson653,F,GENERAL PRACTICE,10 EMORY ST,ATTLEBORO,MA,027033002,41.9447388,-71.27972821642685,3,0
5e2fe1f7-b1e0-387e-bd22-e4afa2bea602,e6d63525-40f0-3391-a58a-e6a03598911f,Arron144 Kassulke119,M,GENERAL PRACTICE,400 STANLEY ST,FALL RIVER,MA,027206009,41.7148511,-71.13527009152534,67,0
b30e3d79-3149-3324-8274-35ed4a1bcd1c,fb4a08b8-57ee-382b-b3cb-43d94f1bb4c0,Jude172 Hammes673,M,GENERAL PRACTICE,1010 SOUTH MAIN STREET,FALL RIVER,MA,027242855,41.690775450000004,-71.16515282264554,155,0
a671f7f8-7595-3f8b-8822-c4126ddd3089,2b97893e-dc50-378b-a266-f089b8450329,Magdalena964 Torphy630,F,GENERAL PRACTICE,250 MOUNT VERNON ST,DORCHESTER,MA,021253120,42.3194571,-71.04610844302991,95,0
5aefdb9d-0d76-3d46-8ffd-e2bc9c643dc6,5d1b509e-a048-357f-807e-6b863006e337,Celestina960 Reichert620,F,GENERAL PRACTICE,65 WALNUT ST,WELLESLEY HILLS,MA,024812118,42.3213892,-71.2586343,50,0
51c5cdaf-aa72-3f39-9cc6-f713588e305a,2f26fc73-52a4-3de7-894b-ade34c20def6,Elvin140 Hoppe518,M,GENERAL PRACTICE,39 BOYLSTON ST FL 2,BOSTON,MA,021164702,42.3554334,-71.060511,49,0
99c0a660-c612-3bef-8fd3-3d1b883b678b,2f67494e-f17e-3248-ba68-3ca42913cca1,Vicente970 Reséndez908,M,GENERAL PRACTICE,184 MAIN STREET,FAIRHAVEN,MA,027193259,41.646106,-70.90865208079187,12,0
97ec7704-bb12-317c-9ffd-510c0f5c0f32,88975fd9-b47e-3af6-af78-c58e1ecf0d5e,Barry322 Feil794,M,GENERAL PRACTICE,115 W SILVER ST,WESTFIELD,MA,010853628,42.1178811,-72.75935246865802,5,0
64623b96-9ef9-3542-b0af-dfdc0e71523d,52efa2e5-007f-3396-a83a-28ca015f0595,Walton167 Turner526,M,GENERAL PRACTICE,20 N PARK AVE STE 2200A,PLYMOUTH,MA,023604090,41.960434631488596,-70.67007876763536,5,0
76269c52-dae0-3937-a146-ecf0fdb1ebd6,19439108-9835-38fe-8ee2-1226a355cfba,Georgeann302 Kunze215,F,GENERAL PRACTICE,694 WORCESTER RD,WELLESLEY,MA,024822837,42.2964859,-71.2925571,44,0
8d3e3f19-0933-378d-a03b-213a06080802,b5789b71-fc8e-3b7e-9eb2-3fc577943117,Elvia127 Miller503,F,GENERAL PRACTICE,81 RESERVOIR DRIVE,ATHOL,MA,013314901,42.581152349999996,-72.18775715069674,29,0
42b7a530-512d-3bdf-8751-2eb1f264379c,edd58f69-ad5f-346b-b1f9-530ccdc895f6,Johnathan55 Padberg411,M,GENERAL PRACTICE,52 CARPENTER ST,ATTLEBORO,MA,027032472,41.9369576,-71.27996091755344,84,0
980094bb-ade8-33b8-99ac-4b3fc85e2392,069b90f9-309b-35e4-b990-d1dbacb962cc,Thomas756 Strosin214,M,GENERAL PRACTICE,36 LOWER WESTFIELD ROAD,HOLYOKE,MA,010402749,42.16975305,-72.63488031242107,23,0
f3913895-953b-361b-83f0-2c2624b1174c,2c2e6afc-9578-3ba5-bb12-eed97d3a823b,Sunni15 Schroeder447,F,GENERAL PRACTICE,405 RIVER ST,MATTAPAN,MA,021262210,42.2699017,-71.09061872585616,1,0
7119c98a-05ba-3fa7-b6fb-c628d6d4a3d1,936ceb96-2b12-371f-aa68-ee02a9c06f4c,Eddie505 Keeling57,F,GENERAL PRACTICE,225 BOSTON ST,LYNN,MA,019043124,42.470497449999996,-70.96003668151566,87,0
c0c557a3-da78-30a5-b122-3d52370d90a3,dfcd78f1-f67e-321d-84e3-f658c482c474,Susana117 Miramontes145,F,GENERAL PRACTICE,64 WOODLANDS WAY,BREWSTER,MA,026312550,41.737807,-70.0036669,73,0
e73e5441-10d6-31ee-87f6-d43c938c4995,686dbc4c-72c6-37b9-a8a8-46839da327a2,Trinidad33 Mertz280,M,GENERAL PRACTICE,34 PEARLY LN,GREENFIELD,MA,01301,42.6097476,-72.5979752,2,0
4ac32e20-eb8d-3e0f-8797-a8a98e8a9c66,48a6d3ab-50ef-349e-8945-2558a78f378e,Junior695 Kuhlman484,M,GENERAL PRACTICE,795 MIDDLE ST,SWANSEA,MA,027774114,41.730919,-71.208117,34,0
64a9c4b1-8194-3498-9613-b4153f543b82,0a8a4b11-d0b8-3cd2-92cd-983de5189cfa,Angelena945 Nicolas769,F,GENERAL PRACTICE,111 BIRCH STREET,LYNN,MA,019021574,42.47859105,-70.93458444045801,14,0
7a496d59-5951-3bdf-999d-588c48fbfc0d,7b7ce654-a413-37d1-9d34-97240c0ac580,Landon622 Kihn564,M,GENERAL PRACTICE,1 WRENTHAM ST,BELLINGHAM,MA,020192532,42.025037350000005,-71.48945118224057,1,0
9cb315d6-ceec-302d-a59d-e196386d2c5a,93bf4a6b-8fb3-3a1e-9be6-4958736f2bfb,Dee580 Trantow673,F,GENERAL PRACTICE,1102 WASHINGTON ST,BRAINTREE,MA,021845438,42.19876545530798,-71.00672788298964,1,0
a5e3b924-1a7e-321b-a22d-8fac0b156c54,7b20d1c4-c56b-3647-801c-5e4e13679073,Riley817 Prohaska837,M,GENERAL PRACTICE,275 SANDWICH ST,PLYMOUTH,MA,023602183,41.94186605,-70.6455366462985,81,0
36c51ed2-5e90-35ce-8279-8b0feaffd38f,3e97ce4f-3ad7-3cea-883f-e2bb4ca89d83,Fidel864 Swift555,M,GENERAL PRACTICE,30 NEW CROSSING RD,READING,MA,018673270,42.51809619399502,-71.0959083715027,33,0
284a1eea-d401-31fa-b024-a7d6a9f84853,c60fc3df-9dbd-3f31-a456-41c84490266f,Booker670 Johnson679,M,GENERAL PRACTICE,146 MAC ARTHUR BOULEVARD,BOURNE,MA,025323902,41.7412166,-70.5989196,7,0
b40f4ac1-a1ab-369e-932b-cd0b8a06c6ed,d5920b72-ac1a-3ec4-81ca-e3b75cb7aadd,Merrilee429 Daugherty69,F,GENERAL PRACTICE,251 Causeway St.,Boston,MA,02114,42.3665,-71.05931,183,0
148e405f-b6a8-30bd-a93e-610cb7359a2f,c4e5b33c-17b8-3f51-a8ba-a327d54e642a,Alton320 Dibbert990,M,GENERAL PRACTICE,94 N ELM ST,WESTFIELD,MA,010852917,42.1322823,-72.7436679,23,0
b1309754-0861-39db-8198-a9dc7c4e7274,f4e522df-a006-344d-9574-15bc985f5bb4,Sydney660 Klein929,M,GENERAL PRACTICE,130 Marshall Road,Lowell,MA,01852,42.62101,-71.31481,51,0
87b62b59-84ea-335b-a2ab-d1b042c57c49,79d49935-bcc0-36ca-920b-45365c367438,Jamel269 Hudson301,M,GENERAL PRACTICE,409 W BROADWAY,SOUTH BOSTON,MA,021272245,42.336831,-71.047958,32,0
5e27d8a6-cc0b-35ed-b582-764a9f965baa,0f2c58ec-5323-3c0f-9bdf-af0df7eb2a2b,Owen89 Boehm581,M,GENERAL PRACTICE,130 DORCHESTER STREET,SOUTH BOSTON,MA,021272642,42.3334312,-71.0494949,10,0
e3c9f486-536d-3711-89f4-a0a2e365c94b,666c3e81-2ec6-3bff-9dcc-a704edd86960,Ivan258 McClure239,M,GENERAL PRACTICE,770 CONVERSE STREET,LONGMEADOW,MA,011061719,42.0639853,-72.5521444,2,0
8c3cc349-9bd2-3418-b2a9-8d1bb24f280b,680532c8-2661-3b39-875a-b6ec0746ccf5,Cristobal567 Miramontes145,M,GENERAL PRACTICE,30 ATHOL ST,ALLSTON,MA,021341124,42.36075595,-71.13397379082869,75,0
b0e5a7e5-0a0f-3c80-bc2e-ef59523ac87c,cc400ddc-c38d-3604-8d89-cea21555719f,Fritz267 Kirlin939,M,GENERAL PRACTICE,87 CHESTNUT ST,NATICK,MA,017603644,42.293559188306446,-71.35158050924959,26,0
cb4c3805-be57-317b-9a85-4755a21ddc1d,51370692-6296-3150-8672-559fc73f964f,Almeda560 Okuneva707,F,GENERAL PRACTICE,75 FRANCIS ST,WEST BRIDGEWATER,MA,023791542,42.0219112,-71.019004,36,0
d193c5f4-96d7-3dfc-b14a-bac7b55b0223,b5b380d2-df21-3389-abf0-08551c7e1f2d,Ricardo560 Lara964,M,GENERAL PRACTICE,85 PATTON RD,DEVENS,MA,014344401,42.5304204,-71.61505519305638,12,0
38142092-a08a-3483-9e58-2ac43c067401,06376cbe-4880-384b-b459-7ce3eef36ced,Cody889 Ratke343,F,GENERAL PRACTICE,387 QUARRY ST,FALL RIVER,MA,027231026,41.6932713,-71.1402431739568,61,0
afff0929-1f12-3888-9995-148894cc91f9,2836d9ac-c6a6-39d1-8f13-fdf0fc8928f4,Alysha630 Koch169,F,GENERAL PRACTICE,365 EAST ST,TEWKSBURY,MA,018761950,42.6069472,-71.2180803,371,0
b9f74e84-53e0-3038-8c99-2aaffef1a72d,a2f8d8fe-665e-390f-8b9b-efdc0b14a77c,Débora815 Aguilera202,F,GENERAL PRACTICE,161 JACKSON ST,LOWELL,MA,018522103,42.6425382,-71.3093946,25,0
b2a8e822-5689-3d34-b3e2-850cfe31499b,b5e6f1bd-c744-3556-9775-5ff8399eea33,Hedwig986 Wiza601,F,GENERAL PRACTICE,2284 MAIN ST,CONCORD,MA,017423829,42.44300895,-71.42458458423982,114,0
bf8b9f79-117c-3696-b0f2-418c7ce38331,423ee6a6-6928-3a01-a49d-9687361747a4,Kelley882 Yost751,M,GENERAL PRACTICE,7 LORING HILLS AVE,SALEM,MA,019704267,42.48646565,-70.90338797731044,1,0
2ddf3dba-3a68-30ba-a528-750ec804ebd5,04b252db-4231-3cb5-963d-6f096fb4b97c,Lorie307 Grady603,F,GENERAL PRACTICE,1177 PROVIDENCE HIGHWAY,NORWOOD,MA,020625019,42.194543,-71.1994976,3,0
ff80524f-3ea1-30d2-9c87-e19ec8dc4f3c,94f6a3ae-7d8d-3cbc-a788-e400732da7e5,Ammie189 Kuvalis369,F,GENERAL PRACTICE,450 WEST RIVER ST,ORANGE,MA,013649603,42.5928702,-72.32953998953418,56,0
9f178fe3-ece8-327f-991d-885b7b82706f,e2eab39c-5195-34aa-b35f-e89e37cfed01,January966 Roberts511,F,GENERAL PRACTICE,55 FOGG ROAD,WEYMOUTH,MA,021893141,42.175539799999996,-70.9539153674405,1094,0
315aff6d-a5f6-3a72-8644-94b6a03576c4,1de7e7d9-9a7a-3a3f-bf4c-b4de450711f2,Vince741 Morissette863,M,GENERAL PRACTICE,198 LITTLETON RD,WESTFORD,MA,018863429,42.564282,-71.42620615382347,47,0
28b5cfd7-4a4a-3528-9146-778494d7dc20,497f39dd-280e-3d58-af5b-c5e3a3a09b10,Randy380 Bergstrom287,F,GENERAL PRACTICE,27 PARK ST,HYANNIS,MA,026015230,41.65363635,-70.27352219234834,140,0
a00a91a6-66e9-3dc7-9bef-d46a670d2426,578b56de-fe9c-32e1-aea4-876f8bc01e9c,Ollie731 Dooley940,M,GENERAL PRACTICE,49 HILLSIDE STREET,FALL RIVER,MA,027205211,41.707406500000005,-71.14593659462452,702,0
0adbc854-cd9a-3571-8318-738dc8b5033c,0d7fd824-1c7b-3f8b-a662-f6c2005e82e1,Lyndon118 Trantow673,M,GENERAL PRACTICE,88 MASONIC HOME ROAD,CHARLTON,MA,015071394,42.1389039,-71.9782681,1,0
ca30f3fa-748e-3440-a3c1-257cbb8a2551,accb8cdd-6560-3fef-b0a6-f12c3295026a,Gerardo48 Bergstrom287,M,GENERAL PRACTICE,969 PARK STREET,ATTLEBORO,MA,027035115,41.9266899,-71.2611303145582,30,0
7f728ed3-3aa3-3180-a32f-f98a5d8dd1de,7445ae34-b648-3d3a-b8cf-0eb630061b6e,Pearline482 Pagac496,F,GENERAL PRACTICE,34 CEDAR ST STE 4,WEST ROXBURY,MA,021324338,42.2792649,-71.1494972,1,0
23bfa892-88b8-3ee4-8c42-773dd4ebc4cf,390a2aa4-70b4-3a64-a12f-9bd777834c8d,Hunter736 Howe413,M,GENERAL PRACTICE,710 MAIN STREET,HARWICH PORT,MA,026461931,41.669654699920855,-70.06169919459835,59,0
6865375b-98e4-3f73-9efa-fe9b125a4998,18a96051-91f4-3cba-af96-056ea14dfee0,Gaston250 Grimes165,M,GENERAL PRACTICE,25 HIGHLAND AVENUE,NEWBURYPORT,MA,019503872,42.81369325,-70.89091645747592,227,0
5cbd0a9e-7b86-3c74-836e-86cc228794fc,07ae483b-b351-3add-8b05-afba832b88ea,Lanette41 Murray856,F,GENERAL PRACTICE,5 REDLANDS ROAD,WEST ROXBURY,MA,021321506,42.2879347,-71.15108161583282,5,0
5dcd669e-e645-368c-832f-a699101dd0ca,41e2a44c-477c-3511-96f9-12c476aa3b6a,Antwan357 Lindgren255,M,GENERAL PRACTICE,85 E NEWTON ST,BOSTON,MA,021183553,42.336277100000004,-71.07085295687423,219,0
bc1e41eb-4211-39f7-badb-71338dfc2eeb,edbb9e9c-3440-3b38-abfc-83a8f0b6bebc,Temeka297 Huels583,F,GENERAL PRACTICE,273 OAK GROVE AVE,FALL RIVER,MA,027232315,41.70179473202871,-71.13310371798859,1,0
c0ae27d3-d0d5-3d70-8c9d-74ebf2935e46,69195f53-626c-3031-b4de-d0b206f75d8c,Hal307 Wiegand701,M,GENERAL PRACTICE,174 FOREST HILLS ST,BOSTON,MA,021303353,42.306401050000005,-71.10237442688054,1,0
30c3318e-99bb-36d8-ac84-49f2026d92bd,363631be-d437-3548-98c2-d10b909c1721,Elaina826 Ferry570,F,GENERAL PRACTICE,50 MANSION DRIVE,ROWLEY,MA,019691026,42.73718535100735,-70.88053187301136,11,0
d8d6ff18-9ea5-3c05-926e-dd0b1d12f5b3,c1986c0c-f756-3596-8f90-08adacf220fe,Dong972 Auer97,M,GENERAL PRACTICE,73 CHESTNUT STREET,SAUGUS,MA,019061605,42.4573919,-70.9918055,85,0
30925fd1-0ce1-3ae0-8d73-b7b0410c30ba,78eb7e47-26d6-37d4-8e01-5eabfc9d068f,Francisco472 Hagenes547,M,GENERAL PRACTICE,78 BRICKYARD RD,ATHOL,MA,01331,42.58312735,-72.2583516123911,79,0
8462b176-4dd0-37d9-bf25-111c0a774768,0d9b0d22-585e-3fd8-ab02-26b5be7915d1,Cristian531 Balderas66,M,GENERAL PRACTICE,516 CAREW ST,SPRINGFIELD,MA,011042330,42.12133575,-72.59217953646302,115,0
cc626ab6-a9e7-35cb-add3-8b03125539cb,0d1570ab-371c-3898-9397-95905d8c5166,Santina680 Dicki44,F,GENERAL PRACTICE,750 WASHINGTON ST,BOSTON,MA,021111552,42.3499038,-71.0631836,65,0
4a97abe0-c1ba-30c2-ba08-6a21febfe8ae,1853aeef-5897-326a-80d6-aa4b0459eb6d,Kendra609 Kassulke119,F,GENERAL PRACTICE,381 WICKENDEN ST,ATTLEBORO,MA,027032247,41.9438129,-71.2806515,133,0
403d515c-91d4-30e2-97f9-aef9c691c4ca,01bb7b5c-f850-3c4e-a3f1-442d8273559a,Charley358 Effertz744,M,GENERAL PRACTICE,395 PLEASANT ST,NORTHAMPTON,MA,010603914,42.3150543,-72.62555561349089,44,0
f042b502-39aa-32ac-b3f1-0c2ef3b69412,2ca615f3-87f7-3283-a447-d919a883b676,Elizbeth263 Dickinson688,F,GENERAL PRACTICE,1399 WASHINGTON ST,HANOVER,MA,023391653,42.1441354,-70.8440854,32,0
4002c2a7-b829-3050-9a95-22b3a4fde240,c0a33465-d309-3d2a-932e-9d554a7cc19c,Veronika907 Rogahn59,F,GENERAL PRACTICE,100 CENTURY DR,WORCESTER,MA,016061244,42.3138278,-71.7707002,66,0
3d307d03-6db0-3327-9a0d-ec0b1db1e350,7f32dd7d-5c35-3ddb-839b-8fbbb930d412,Tyron580 Littel644,M,GENERAL PRACTICE,863 CENTRAL STREET,FRAMINGHAM,MA,017014813,42.30758060362541,-71.42846215724606,10,0
dc972664-0a4d-3f7a-a69b-f8d3b760b619,cac6f8b3-eafd-31b3-9fa3-8015752ccc2c,Jessie665 Pagac496,M,GENERAL PRACTICE,123 SUMMER ST,WORCESTER,MA,016081216,42.26496835,-71.79655403681465,59,0
f3944c95-e67b-398f-9950-e48ee91ea218,3f12ebb4-e03c-3453-88d2-4fc9682383df,Irina619 Stiedemann542,F,GENERAL PRACTICE,726 COUNTY ST,NORTH DARTMOUTH,MA,027473603,41.6389926,-70.9703171,95,0
94e9ddb8-3b7a-3f08-844c-9e47c35f0736,b93ffa11-ffab-3fe0-8c28-657817801192,Flor713 Berge125,F,GENERAL PRACTICE,9 MAPLE ST,WILBRAHAM,MA,010951730,42.150018599999996,-72.42537320933242,1,0
3bbad403-9599-3def-af95-7acefb02e20e,a1a024f0-95e2-3db4-a771-e2f17c5da162,Shella455 Schmidt332,F,GENERAL PRACTICE,18 NEWTON ST,BROCKTON,MA,023015115,42.0785392,-71.02602473630952,11,0
cb4c2150-1ef1-3847-b3bf-f4fca4bbd274,aad05540-c9cb-3805-b3c4-f9b9d9b42b2e,Quentin28 Fritsch593,M,GENERAL PRACTICE,821 E MAIN ST STE 3,CHICOPEE,MA,010206306,42.155774795300516,-72.55672263289513,176,0
613f76e0-ed88-3f37-831b-3cf1ba9a33ff,2e73956a-942f-36f3-b88c-f88e782e578f,Octavio643 Uribe503,M,GENERAL PRACTICE,790 TURNPIKE STREET  SUITE 202,NORTH ANDOVER,MA,018456138,42.661547049999996,-71.10774565195425,3,0
a21764a3-9d91-3e6d-9a99-5bfc0a9818cc,eea92149-820f-301f-911e-b170e8312842,Marcy588 Hamill307,F,GENERAL PRACTICE,123 SUMMER STREET,WORCESTER,MA,016102177,42.26496835,-71.79655403681465,20,0
6d69ef52-e7e9-3759-9aae-0479b06289af,76b7dbb5-0a02-32a4-9a01-3511f7e45016,Emerita401 Satterfield305,F,GENERAL PRACTICE,59 COUNTRY WAY,SCITUATE,MA,020663746,42.1806871,-70.74862935148246,1,0
bfc24312-8703-32ac-ae5b-55819dc04bc1,d9b71ccf-6649-3555-9e99-44eac0af257f,Javier97 Collier206,M,GENERAL PRACTICE,655 DEDHAM ST,WRENTHAM,MA,020931135,42.084901,-71.30689224201797,7,0
ed6452f9-d0e0-32bf-99bb-db18b3a11ad6,e68de1a0-767e-3466-b9a6-43948ee073d3,Simone657 Ratke343,F,GENERAL PRACTICE,160 WELLS AVENUE,NEWTON,MA,024593302,42.29337605,-71.19806353028767,7,0
eb1d3140-97d6-3a79-95ee-18ff4d5e798f,cbebae9e-f95e-3d2c-9712-289ea8d6aeec,Xochitl483 Haley279,F,GENERAL PRACTICE,49 ROBINWOOD AVENUE,QUINCY,MA,021698130,42.2509914,-71.0037374,197,0
c4a3d7d3-6ab8-3497-837c-9d17edb9e6a4,ec7e487e-7e78-3eac-a9ee-37f8de98a0f9,Sid118 Hammes673,M,GENERAL PRACTICE,277 WASHINGTON STREET,ABINGTON,MA,023512489,42.10060947239023,-70.94967338146704,2,0
2ec2cd02-0b85-3342-8273-2f6124a758d8,a5577e5c-b886-37a0-8eee-8ff6feb7ea6b,Leopoldo762 Keebler762,M,GENERAL PRACTICE,330 MOUNT AUBURN ST,CAMBRIDGE,MA,021385502,42.3741033,-71.13417575971958,156,0
69f2d8ca-7683-3381-9329-9561f88eefdf,5581e43d-0463-3a0b-afc7-a60aea5ac96c,Brock407 VonRueden376,M,GENERAL PRACTICE,57 RIVER RD,ANDOVER,MA,018101144,42.69112645,-71.19636086287642,110,0
28450a96-883a-3e1f-b45e-361e13c76945,ce9c1582-994d-32bf-835c-474a249d2804,Maude482 Veum823,F,GENERAL PRACTICE,275 MARTINE STREET  SUITE 104,FALL RIVER,MA,027231500,41.68393816525316,-71.1220830626733,33,0
e9a47563-705d-359e-a3d5-e6379342f2a5,9b8a7a25-b923-3710-9f3c-d42919a3f54f,Heriberto162 Ondricka197,M,GENERAL PRACTICE,146 MAIN ST,MAYNARD,MA,017542651,42.4309786,-71.4552968,44,0
136c6ce8-644a-36af-9037-61be22d38b53,62b55e5b-b58f-354d-8f2d-f2a330bc619e,Brandon214 Gerlach374,M,GENERAL PRACTICE,201 HIGHLAND ST,CLINTON,MA,015101037,42.42738865,-71.69329092351188,160,0
8130049f-e8e4-3a64-8dd9-34741a37d759,966245ce-e84d-36b0-a838-2e0b5bb2e668,Refugio197 Crooks415,M,GENERAL PRACTICE,1425 BLUE HILL AVENUE,MATTAPAN,MA,021262122,42.2754929,-71.09384131587021,35,0
e7c21791-b38e-34fc-b083-1be22e860f3c,9dbd44ba-59b2-3d1d-ac91-3880af8081d2,Tori754 Larson43,F,GENERAL PRACTICE,529 MAIN ST STE B,ACTON,MA,017203965,42.4878132338563,-71.43046999422496,35,0
84573ec9-55e9-38f4-9f07-8456fa49a4b5,35eba9db-902f-32e6-b302-0e5ef8fa5c68,Laverne101 Schumm995,F,GENERAL PRACTICE,66 BROAD ST,WESTFIELD,MA,010852927,42.1165587,-72.74727440058362,1,0
79a0a20e-37ae-38ea-9f16-f7294893444d,9656a864-3b93-356f-9fa6-d7988e249977,Josh874 Feil794,M,GENERAL PRACTICE,950 N MAIN ST STE 203,RANDOLPH,MA,023683064,42.1871612,-71.0568102,38,0
215e8492-789a-3879-be93-90a0952bdb21,845fbd9b-2d1c-39a8-8261-28ae40e4fab2,Bennett146 Rippin620,M,GENERAL PRACTICE,14 PROSPECT STREET,UPTON,MA,015681431,42.1700209025178,-71.59409308099494,143,0
6c2b3e11-6cac-3e2f-98cd-73e6c6803804,946ec45f-5c4a-361f-b158-927144864133,Jorge203 Harvey63,M,GENERAL PRACTICE,19 MIDSTATE DRIVE  SUITE 130,AUBURN,MA,015011856,42.1894693,-71.85604765,1,0
52994378-e18b-3020-b424-9d8e67a048ed,9ce6072b-d039-3cde-8eaf-950211b8ae88,Saul605 Ratke343,M,GENERAL PRACTICE,147 S MAIN ST,MIDDLETON,MA,019492446,42.585787222720036,-71.00861442427218,3,0
c76abc79-b115-36e1-9ad1-80336b2339d6,37e9314c-6d3f-3aae-8f0a-8139f6a3034c,Pattie91 Dooley940,F,GENERAL PRACTICE,130 Marshall Road,Lowell,MA,01852,42.62101,-71.31481,182,0
cfda70d2-3002-31fe-8308-38df0b463ee4,af8566eb-8918-3ec7-ba44-92b6a2cf8097,Madelaine318 Walker122,F,GENERAL PRACTICE,81 HIGHLAND AVE,SALEM,MA,019702714,42.5112107,-70.90516241826194,187,0
05881d60-6c75-30c5-a2a2-6a2479301d8a,ecd3b321-0a8a-3ce6-81f0-982dd77fce43,Tracie996 Lesch175,F,GENERAL PRACTICE,25 HIGHLAND AVE,NEWBURYPORT,MA,019503867,42.81369325,-70.89091645747592,142,0
d09d7d85-5aba-31e6-82cb-1989006f5f05,42c13743-f36f-370a-a5ca-3e3c9795e02d,Tiffani287 Toy286,F,GENERAL PRACTICE,17 CHIPMAN WAY,KINGSTON,MA,023641039,42.0115267956362,-70.78988939618995,1,0
0b79336f-f5ab-3373-94d8-a14993a7d647,4f5e8f16-a31b-3071-8556-d7188ede313d,Kala987 Wolf938,F,GENERAL PRACTICE,575 BEECH ST,HOLYOKE,MA,010402223,42.20105435,-72.628169560868,46,0
3dbd22d8-7572-3e32-865e-f66ca65c63ba,ae3eab22-8868-37bb-9a59-2b8bfe14bf34,Elise948 Smitham825,F,GENERAL PRACTICE,2033 MAIN STREET,ATHOL,MA,01331,42.58522105,-72.20868129339888,316,0
21f256f6-b25d-38ec-bb30-e4c85805c0ad,f90ef475-defe-363d-a926-573b38f804a2,Bea654 Schiller186,F,GENERAL PRACTICE,54 HOPEDALE ST,HOPKINTON,MA,017481672,42.2288875,-71.5196439,34,0
a3b6f24b-002d-3510-a19d-f62ccb500a41,41f66e18-8eb7-32f2-9371-7df5bf2b8d21,Lonnie913 Mraz590,M,GENERAL PRACTICE,170 UNIVERSITY DRIVE,GREENFIELD,MA,013011238,42.6097476,-72.5979752,27,0
6bd0d0c2-b7e0-3cd4-a8aa-12f434038110,32606058-df6d-3131-9ab0-1657ed65364f,Inés791 Dávila115,F,GENERAL PRACTICE,330 LYNNWAY STE 346,LYNN,MA,019011713,42.458069,-70.948844,6,0
46c4dd5b-a7fa-3214-9070-fb87c1366bd1,a25107f7-f4f5-36fc-98e4-f3e1b5875c91,Yesenia104 Wilderman619,F,GENERAL PRACTICE,1285 BEACON ST,WOBURN,MA,018012157,42.4979478,-71.1684508,8,0
d7e8e3ff-ce2c-3caa-9047-6aa53486c253,0e6c3ad1-24c1-34cb-bb6d-e8438fa319e2,Eufemia350 Casper496,F,GENERAL PRACTICE,50 DODGE ST,SWAMPSCOTT,MA,019071300,42.4699241,-70.9171507,8,0
f73ea5ae-01b2-3cc8-ab2b-cc76e1983659,3695125c-c052-3ece-898a-2a6448987ae5,Sean831 DuBuque211,M,GENERAL PRACTICE,2040 BOSTON RD STE 5,WILBRAHAM,MA,010951380,42.150295650000004,-72.47288272264812,7,0
72e299f9-efdf-3b51-8842-d69cb06fa0f3,45db4ed7-a93e-3946-9c31-b567ca373de6,Domenic627 Toy286,M,GENERAL PRACTICE,7 Drydock Ave  Suite 2070,Boston,MA,02210,42.34461,-71.03728,69,0
eef59010-3ab6-3574-9c15-fd8ae0fd0fd0,bdd9ad72-443a-3563-a626-4c45f6d058b2,Angele108 Bogan287,F,GENERAL PRACTICE,147 PELHAM STREET,WORCESTER,MA,016072105,42.265209,-71.814005,7,0
992ed11d-4926-360c-adf6-c2142274b82a,05fcf001-ab24-3d7d-85f7-f64942d82738,Nickolas58 Schumm995,M,GENERAL PRACTICE,250 POND STREET,FRAMINGHAM,MA,017014592,42.2838619,-71.4093719,519,0
5b7852a1-fbeb-355b-818c-a385801c6648,7e6db51f-7c1b-3555-9e1c-6269ba6d704d,Drew592 Streich926,M,GENERAL PRACTICE,120 STAFFORD STREET SUITE 206,WORCESTER,MA,016031461,42.239638,-71.8443785891577,17,0
f45885f1-a3e5-34c3-94ca-6b2cd579989c,a537b406-fdfa-36b4-84da-12512e7e6c63,Ernesto186 Davis923,M,GENERAL PRACTICE,795 MIDDLE ST,STOUGHTON,MA,020721829,42.1252079,-71.1022015,5,0
ae829a97-34b0-3579-9db7-14894705675d,9adfae03-673d-365d-9052-f705098fa3e4,Sharilyn202 Wolff180,F,GENERAL PRACTICE,51 BLOSSOM ST,BOSTON,MA,021142699,42.36305545,-71.06643399281765,285,0
13c21a0f-96e2-3c74-9378-496df28e3c0d,46912be1-43b9-3c0c-9fbd-3d123f2eacc6,Vernita491 Kutch271,F,GENERAL PRACTICE,821 DANIEL SHAYS HWY,ATHOL,MA,013316903,42.572540548950265,-72.2674105528448,4,0
78d07bf5-7ad9-3179-a479-93db69129c0c,25431f9a-00e4-36d8-9810-4125328eec50,Kati243 Ruecker817,F,GENERAL PRACTICE,55 FRUIT ST,WALTHAM,MA,02451,42.3756401,-71.2358004,55,0
e5e3cf5e-13b5-30e5-a9a5-cc8eb36320c1,89171335-b9c0-3326-98d6-a837d432b9fd,Louis204 Hauck852,M,GENERAL PRACTICE,150 FLANDERS ROAD,LYNN,MA,019042915,42.466763,-70.9494939,719,0
955b948d-567c-3695-aa60-fe9c0681e6bc,15d0e449-642a-3d9e-8629-16c7e4a9e4b4,Zelda766 Schmitt836,F,GENERAL PRACTICE,71 CENTER ST,FAIRHAVEN,MA,027193822,41.635798300000005,-70.90010980146215,1,0
4586d03d-5648-3335-9c1f-034e6cf66bbc,01bde980-bf89-3138-8912-7360dff33247,Caroline183 Lang846,F,GENERAL PRACTICE,456 PARK AVE,WORCESTER,MA,016101254,42.25512735,-71.82580924803523,18,0
b959a131-9df0-3a1c-b5e3-20c621f3ef2c,1484fc69-2eb0-3bba-8656-d5ead4973895,Lashawnda573 Schaefer657,F,GENERAL PRACTICE,260 MERRIMAC ST,NEWBURYPORT,MA,019502192,42.817380099999994,-70.88125573659471,66,0
edd05e21-bf2a-38ee-b446-0c95309ce0e5,8a6e21d0-da20-3378-8176-4e5ad2b51983,Laine739 Torphy630,F,GENERAL PRACTICE,84 ELM STREET,HOLLISTON,MA,017462138,42.20234485,-71.42493275079366,1,0
0b20bc8e-65f7-3140-b43b-92eadd139eb8,4e56c7ec-99e5-3023-8e4f-95ad18a03f06,Ignacio928 Alanis890,M,GENERAL PRACTICE,28 RIVERSIDE DR STE 101,PEMBROKE,MA,023594947,42.11004715,-70.77534154695786,49,0
0b126830-9011-34f3-aff2-873cb883e636,e2a8b444-9b8f-36ff-84c4-05ee98589482,Francisco472 Gusikowski974,F,GENERAL PRACTICE,8 SHIPWAY PL # C-8,CHARLESTOWN,MA,021294301,42.3778749,-71.0619957,107,0
d11f1183-9369-31f8-abb2-7115432079ea,e0cc7e8e-e1a4-3a02-b589-0a35741d39fe,Octavio643 Towne435,M,GENERAL PRACTICE,990 PARADISE RD,SWAMPSCOTT,MA,019071831,42.48374535000001,-70.90120467000462,58,0
7d0656d1-6c45-322f-8e07-dcafc6324aff,3517aff1-b163-3cd5-8fff-19710fcdc1b7,Brendan864 Cremin516,M,GENERAL PRACTICE,400 HEMENWAY STREET,MARLBOROUGH,MA,017526762,42.36006255767826,-71.5077613040944,1,0
33279bbf-8234-3741-983b-a368280399a5,121b0ad1-1beb-3caa-9271-3d3f726bb727,Cortez851 Price929,M,GENERAL PRACTICE,1030 MAIN STREET,WALTHAM,MA,024517447,42.375828,-71.2527956,50,0
1a6619f4-8f49-3e6a-80f6-c4bbe05d57d9,0a2252ba-33de-322f-8f0a-e5b0141f1780,Hue920 Block661,F,GENERAL PRACTICE,632 BLUE  HILL AVENUE,DORCHESTER,MA,021213213,42.2941088,-71.0885355,152,0
17efc08b-8020-36ae-b2cf-80ca051fb9ad,4f029aea-a3f7-3429-a477-45cfe183c3f9,Curtis94 Lesch175,M,GENERAL PRACTICE,1675 NORTH MAIN STREET,LANCASTER,MA,015232405,42.4761132,-71.6873032,3,0
f91358a3-fcd4-363b-aa03-448806010a06,f6ba791e-fe68-3596-bef4-60751db6a60e,Freeda113 Crooks415,F,GENERAL PRACTICE,37 BIRCH STREET,MILFORD,MA,017575501,42.1424349,-71.48943173357203,1,0
26d36d17-f980-3699-8d5f-4bb7a1441e4c,67cade01-dcfe-37b7-8e2c-b712d9e6fbba,Lelah386 Wintheiser220,F,GENERAL PRACTICE,694 MAIN ST,HOLDEN,MA,015201862,42.3406819,-71.8390289,51,0
bb0aa085-309d-332d-8563-ac7e431b8cc4,9f368e75-397f-3d77-a317-9a005512a4e2,Alta896 Pfannerstill264,F,GENERAL PRACTICE,381 PARK AVE,WORCESTER,MA,016101026,42.2583962,-71.82204240042036,54,0
d2cab737-d16c-3e39-97fb-5951b1f0b0f4,95f6c328-96dd-3fb8-a56e-9aad566094b4,Burton124 Schoen8,M,GENERAL PRACTICE,4 STONY HILL ROAD,WILBRAHAM,MA,010951027,42.1552861,-72.48384800788648,13,0
3cd6755f-f723-3cfe-aa6b-7b4cdb590da6,485ae27b-c5ba-3fd0-9a16-c9eea20be185,Alejandro916 Kris249,M,GENERAL PRACTICE,275 MARTINE STREET  SUITE 202,FALL RIVER,MA,027231518,41.68393816525316,-71.1220830626733,5,0
2a412379-bd41-3652-a1a8-db77ea85575e,1676f96e-65fc-350d-918b-453697bf07ff,Karisa693 D'Amore443,F,GENERAL PRACTICE,120 LONGWATER DRIVE,NORWELL,MA,020611653,42.15682485,-70.8792143504961,1,0
8df3db45-2f56-3acd-be31-95ae2550e473,6d16a8e3-3569-38ab-afac-a2f8c1125085,Lynn917 Crona259,M,GENERAL PRACTICE,1010 WALTHAM STREET,LEXINGTON,MA,024218052,42.4139392,-71.22929265883278,7,0
121ed1e7-0ed8-32cb-b873-19b630196270,91808f17-7583-32a3-aa55-23b131b327c7,Leonie332 Wunsch504,F,GENERAL PRACTICE,200 CORDWAINER DR,NORWELL,MA,020611671,42.16352995,-70.8846291501739,84,0
d0e54c46-0d32-38e3-80a1-0a4ce20b6eec,587f07bd-7d69-3291-9aea-abef74f30045,Cristina921 Naranjo39,F,GENERAL PRACTICE,228 ALMONT ST,MATTAPAN,MA,021261487,42.2805395,-71.09839825,41,0
8ebc4bb4-33e5-3633-9db5-88f898b70e5f,53f086de-2fc7-3d35-92c2-aca4ed944e7f,Chang901 Kutch271,M,GENERAL PRACTICE,1 GENERAL ST,LAWRENCE,MA,018412961,42.7097143,-71.15007700778098,154,0
64941e07-d892-3ee7-8637-699f7e112a2d,20f63278-6709-3195-b767-782d2a10bd5c,Guadalupe206 León820,F,GENERAL PRACTICE,640 CONCORD AVENUE,CAMBRIDGE,MA,021381116,42.389222000000004,-71.14799280677965,7,0
ae959e0c-8811-3d60-88f2-6f21482bc8d5,e498871e-3c3d-3ea1-a79d-4bc09679de84,Gricelda41 Collins926,F,GENERAL PRACTICE,221 FITZGERALD DRIVE,NEW BEDFORD,MA,027453426,41.6995448,-70.92972651619661,1,0
01e256b4-b9ba-3403-a4ef-3a05565a8b61,c05d73d0-b348-32ce-9fe5-13a720950f37,Abraham100 McDermott739,M,GENERAL PRACTICE,45 DRUM HILL RD,CHELMSFORD,MA,018241503,42.6255635,-71.3615131,5,0
bb1a15d4-b097-368c-a989-511d8d1dbabe,ac0fde88-b0ad-3388-a4a8-b8fc2a4f4af2,Lloyd546 Wuckert783,M,GENERAL PRACTICE,150 YORK STREET,STOUGHTON,MA,020729105,42.144646800000004,-71.09875876961266,146,0
04129459-2712-3a49-aa9f-04299070f073,de3cc142-803a-3ed4-8945-75ec88a84784,Brittni468 Trantow673,F,GENERAL PRACTICE,51 HOSPITAL ROAD,BALDWINVILLE,MA,014361215,42.6108483,-72.0608364,3,0
95e47a64-650a-358b-b12c-7da1e9be6b3c,0592d4e5-a0fb-3143-83cd-8e5a6b066a96,Anderson154 Lemke654,M,GENERAL PRACTICE,20 EAST ST,HANOVER,MA,023391638,42.1278249,-70.82664947485381,18,0
442f9efb-94d6-3616-8dc8-c28ba4cfa1cb,ba07b31b-bf14-39b8-be95-4c5ca5062daa,Kim439 Hyatt152,M,GENERAL PRACTICE,1575 CAMBRIDGE ST,CAMBRIDGE,MA,021384308,42.375209549999994,-71.10711344152975,323,0
d462f146-5589-34ac-8841-19b98052f956,064ba8c8-f6f7-3582-8f41-c963ceedfee4,Lexie163 Ankunding277,F,GENERAL PRACTICE,500 BELMONT STREET,BROCKTON,MA,023014985,42.07465845,-71.03975419622803,1,0
71f766e4-50e8-3a90-8d29-5011f0511c20,6aae7a31-90df-3455-ad8d-81f8cf2d21e8,Houston994 Funk324,M,GENERAL PRACTICE,680 CENTRE ST,BROCKTON,MA,023023308,42.0872752,-70.9910738855076,417,0
1b10d609-cf57-32af-8dda-38f66b5c8409,14036728-b721-3e4b-8755-8ee8ab6ed15e,Rocky100 Schmeler639,M,GENERAL PRACTICE,625 MOUNT AUBURN ST,CAMBRIDGE,MA,021384518,42.375351,-71.1468628,30,0
